station,A_sqmi,L_longest_mi,L_principal_mi,page
1-34,299.0,41.5,51.1,25
1-84,351.0,41.7,51.6,25
1-104,95.0,17.9,20.8,25
1-158A,192.6,23.6,28.9,25
1-169,58.8,14.7,13.0,25
1-170,142.0,22.5,29.8,25
1-174,85.8,22.0,20.5,25
1-188,146.2,23.9,26.3,25
1-189,129.0,33.1,381.1,25
1-192,187.0,26.6,24.7,25
"1-213,5",23.3,8.3,9.4,26
1-218,251.0,59.8,44.1,26
1-220A,35.2,11.6,14.6,26
1-222,260.0,26.7,36.6,26
1-223,42.2,15.0,15.3,26
1-227,139.2,26.5,26.5,26
1-230,417.0,44.5,48.0,26
1-232B,27.8,7.6,11.4,26
1-237A,93.3,17.0,19.9,26
1-249A,199.8,27.7,39.0,26
1-264,121.0,25.3,27.9,26
1-272,76.2,19.6,16.9,26
1-275,169.0,26.5,33.0,26
1-279A,93.8,19.1,17.8,26
1-282,157.0,28.3,24.7,26
1-284,331.0,38.1,45.3,26
1-289,711.0,65.3,69.5,26
1-204A,27.7,9.5,13.1,26
1-295.5,58.7,17.8,18.3,26
1-208,83.5,16.5,20.6,26
1-301,88.6,16.4,20.1,26
1-332,395.0,50.7,52.4,26
1-334,241.0,31.3,32.8,26
1-336.8,30.5,10.1,11.8,26
1-840,153.0,23.9,29.4,27
1-346,221.0,37.8,34.7,27
1-350,158.0,34.9,32.6,27
1-352A,72.2,17.6,18.1,27
1-354,308.0,39.3,43.6,27
1-356,71.2,22.8,19.0,27
1-388,420.0,60.9,55.1,27
1-868A,186.0,21.5,32.6,27
1-865,370.0,39.4,37.9,27
1-867,19.0,8.0,9.8,27
1-372,12.2,6.8,7.5,27
1-875,362.0,58.4,47.4,27
1-880A,88.4,19.5,22.7,27
1-383.2,53.31,15.1,17.7,27
1-384,100.0,17.8,25.7,27
1-387,201.0,36.7,28.4,27
1-380,702.0,57.0,81.0,27
1-390,188.0,28.7,42.7,27
1-396.8,34.1,12.1,16.3,27
1-309,162.0,30.4,26.8,27
1-410,48.5,13.3,14.5,27
1-113,98.4,21.8,21.6,27
1-415,92.0,17.5,20.9,27
1-432,104.7,17.5,21.4,28
1-435,109.0,23.2,22.3,28
1-446,632.0,68.7,55.6,28
1-450,1645.0,141.2,99.3,28
1-455,68.5,19.4,17.6,28
1-459,75.3,17.1,19.5,28
1-462,71.9,21.8,21.1,28
1-463,245.8,40.4,31.4,28
1-464,24.0,10.1,11.0,28
1-466,77.5,19.7,26.4,28
1-471,192.0,24.4,37.1,28
1-475,1664.0,93.7,111.7,28
1-485,527.0,47.3,44.5,28
1-488,491.0,35.9,58.9,28
1-496,152.0,22.2,23.3,28
1-515,1348.0,90.8,112.3,29
1-549,329.0,44.4,57.1,29
1-550,98.0,15.9,17.0,29
1-562,386.0,46.7,46.3,29
1-566,701.0,72.6,74.7,29
1-882,785.0,59.9,92.9,29
1-683.5,116.0,31.0,27.2,29
1-587,29.4,11.3,12.1,29
1-595,160.0,35.4,30.4,29
1-606,54.6,18.0,22.4,29
1-609,40.9,18.4,19.0,29
1-616,490.0,58.2,60.3,29
1-619,25.7,7.8,10.3,29
1-622,190.0,33.3,37.7,29
1-623,32.8,17.6,14.9,29
1-624,171.0,26.6,36.2,29
1-626,9.75,7.47,6.7,29
1-635,56.0,14.7,18.7,29
1-640,118.0,16.9,22.7,29
1-641,22.3,7.3,7.4,29
1-644,783.0,62.3,75.1,29
1-657,142.0,25.8,18.3,30
1-658,593.0,73.3,60.0,30
1-664.5,519.0,34.6,54.3,30
1-671,65.1,22.8,23.6,30
1-672,64.4,22.3,25.3,30
1-673,126.0,28.7,27.3,30
1-678.5,31.4,8.5,10.7,30
1-676,822.0,41.5,48.3,30
1-681,97.4,23.9,21.4,30
1-685,210.0,37.5,36.8,30
1-686,111.0,18.4,26.8,30
1-091,42.9,10.6,16.9,30
1-696,81.9,16.7,18.4,30
1-701,287.0,38.7,41.0,30
1-702A,14.6,7.2,7.21,30
1-707,351.0,42.5,61.1,31
1-708,2240.0,128.4,124.4,31
1-734,735.0,58.8,79.4,31
1-747,30.6,11.3,41.5,31
1-758,114.0,19.2,25.2,31
1-761,472.0,42.2,43.7,31
1-790,559.0,43.4,62.3,31
1-799,291.0,31.9,32.4,31
1-802.5,220.0,28.1,29.2,31
1-808,128.0,27.7,29.6,31
1-818,200.0,40.4,37.6,31
1-833,322.0,35.7,41.3,31
1-851,287.0,48.7,56.6,31
1-863,72.4,17.8,13.4,31
1-866,247.0,33.7,37.8,31
1-904,6.7,3.5,3.2,31
1-905,82.3,18.6,17.0,31
3-18,304.0,36.9,45.4,32
3-18.5,233.0,25.5,35.0,32
3-24,629.0,68.9,66.8,32
3-26,1028.0,95.9,68.3,32
3-33.5,153.0,22.1,25.1,32
3-34,321.0,44.8,56.9,32
3-34.5,191.0,27.2,33.2,32
3-42.5,715.0,50.4,72.0,32
3-55,390.0,39.0,62.7,32
3-59,265.0,36.2,35.6,32
3-63,1340.0,113.7,115.5,32
3-70,384.0,66.5,52.8,32
3-71,750.0,86.7,75.5,32
3-100,24.5,8.5,9.2,32
3-114,899.0,82.2,91.2,32
3-125.5,588.0,58.8,69.8,32
3-130,104.0,20.9,23.4,32
8-135,406.0,42.3,54.5,32
3-141,165.0,25.8,32.2,32
3-148,254.0,26.2,29.8,32
3-150,175.0,25.6,28.4,32
"8-151,2",1.64,1.8,2.5,32
3-158,120.0,20.9,21.0,32
3-161,466.0,56.8,46.2,33
3-163,27.6,9.4,10.4,33
3-166,140.0,29.3,28.7,33
3-167,672.0,61.4,62.2,33
3-169,386.0,61.6,55.4,33
3-170,913.0,86.9,85.4,33
3-176,944.0,81.8,76.9,33
3-203,488.0,74.3,63.3,33
3-205,540.0,64.4,75.7,33
3-206,1357.0,139.2,128.1,33
3-216,150.0,21.1,34.8,33
3-217,287.0,44.3,47.4,33
3-220,281.0,64.8,65.6,33
3-227,267.0,34.7,60.9,33
3-230,587.0,79.9,85.5,33
3-232,762.0,86.3,85.2,33
3-236.7,1225.0,86.8,94.3,33
3-236,2150.0,135.5,137.7,33
3-238.5,198.0,52.2,57.9,33
3-243,255.0,43.0,33.8,33
3-252,387.0,54.0,64.4,33
3-253,488.0,63.4,65.4,33
3-254,195.0,36.2,33.8,33
3-256,190.0,51.1,44.0,33
3-257,533.0,68.0,86.5,33
3-258,331.0,57.7,53.3,33
3-261.5,286.0,38.4,34.8,33
3-262,76.5,14.8,15.7,33
3-267,1195.0,92.4,101.4,33
3-278,545.0,44.4,38.1,33
3-289,502.0,46.5,60.9,34
3-298A,70.0,19.7,20.8,34
3-300A,315.0,39.6,53.0,34
3-321,463.0,85.5,113.8,34
4-50,118.0,28.8,27.9,34
4-120,299.0,58.5,72.9,34
4-139.5,146.0,39.7,31.1,34
4-140.3,98.38,26.0,30.9,34
4-140.7,136.0,33.0,40.9,34
4-143,309.0,29.41,35.0,34
4-180,189.0,38.3,35.2,34
4-197,295.0,40.0,43.9,34
4-204,365.0,39.5,60.5,34
4-227,978.0,124.3,127.9,34
4-230,335.0,58.7,66.2,34
4-233,722.0,78.5,72.7,34
4-239,112.0,25.1,25.5,35
4-240,247.0,40.3,47.1,35
4-243,116.0,17.4,27.0,35
4-244,448.0,40.4,54.9,35
4-246,198.0,38.3,80.5,35
4-264,76.1,14.0,15.7,35
4-279,140.0,32.2,32.7,35
5-186,77.1,15.2,14.6,35
5-187,77.2,13.3,20.7,35
