loc,group,L_mi,A_sqmi
649,limestone,1.0,0.54
648,limestone,2.25,2.5
647,limestone,5.5,8.1
639,limestone,7.8,13.3
638,limestone,8.0,13.5
637,limestone,8.3,13.6
634,limestone,8.5,13.7
635,limestone,9.0,14.3
636,limestone,9.2,14.4
646,limestone,1.4,0.63
645,limestone,2.6,3.6
644,limestone,5.7,9.8
630,limestone,0.95,0.38
631,limestone,3.15,2.84
632,limestone,5.4,7.5
624,limestone,11.0,42.5
623,limestone,16.1,62.9
622,limestone,18.4,97.7
615,limestone,23.2,136.7
575,limestone,24.3,147.9
576,limestone,24.5,147.8
589,limestone,24.9,148.2
588,limestone,25,148.5
592,limestone,26.3,150.6
591,limestone,26.6,151.0
597,limestone,28.1,179.9
593,limestone,28.7,180.5
596,limestone,29.2,180.9
619,limestone,31.2,184.8
617,limestone,31.7,184.9
599,limestone,34.4,192.5
652A,limestone,65.0,379
652B,limestone_northriver,39.7,375
651,shale,2.5,1.1
658,shale,4.1,3.15
633,shale,9.7,17.09
650,shale,11.5,26.8
657,shale,17.6,56.2
621,shale,26.7,86.5
620,shale,40.6,232.6
598,shale,53,352
641,sandstone,0.24,0.03
642,sandstone,0.65,0.12
612,sandstone,0.8,0.35
569B,sandstone,1.2,1.00
643,sandstone,2.8,3.2
585,sandstone,2.4,1.2
584,sandstone,3.7,3.3
587,sandstone,5.1,6.6
583,sandstone,6.9,15.8
582,sandstone,9.9,17.2
586,sandstone,18.5,65.8
627,sandstone_calfpasture,2.4,1.4
628,sandstone_calfpasture,3.8,5.5
629,sandstone_calfpasture,5.5,12.4
656,sandstone_calfpasture,11.5,56.6
662,sandstone_calfpasture,14,77.1
655,sandstone_calfpasture,16.3,101.6
654C,sandstone_calfpasture,24,126.8
654B,sandstone_calfpasture,24,126.8
654A,sandstone_calfpasture,24,126.8
653,sandstone_calfpasture,27.4,127.8
610,terrace,4.8,5.5
607,terrace,4.9,5.6
608,terrace,5.6,7.06
609,terrace,6.2,7.2
611,terrace,7.0,8.3
614,terrace,7.9,8.7
613,terrace,8.9,23.1
602,terrace,19.3,66.4
603,terrace,21.0,68.1
604,terrace,22.8,77.14
605,terrace,24.3,81.7
606A,terrace,25.6,83.6
606B,terrace,28.1,101.8
581,granodiorite,2.0,2.3
579,granodiorite,3.8,5.9
578,granodiorite,5.3,12.0
580,granodiorite,6.4,13.5
577,granodiorite,8.6,32.0
692,piedmont,0.61,0.16
691,piedmont,0.98,0.54
689A,piedmont,1.7,2.3
689B,piedmont,1.7,2.3
696,piedmont,1.74,1.2
693,piedmont,3.85,7.8
694,piedmont,5.1,9.6
690,piedmont,6.6,18.2
695,piedmont,8.3,19.4
697,piedmont,11.6,38.8
696c,coastal,1.9,2.02
697c,coastal,2.75,2.6
698,coastal,3.75,5.1
699,coastal,6.1,12.4
701,coastal,3.15,4.6
700,coastal,4.75,8.3
